[
  {
    "code" : "bp2step",
    "name" : "Бизнес процесс включает Шаг бизнес-процесса",
    "behaviour" : "implied",
    "sourceType" : "ae$bp",
    "targetType" : "ae$bpstep",
    "attributive" : false,
    "linkType" : "archLinkType$72301"
  },
  {
    "code" : "step2step",
    "name" : "Шаг бизнес-процесса связан с Шагом бизнес-процесса",
    "behaviour" : "connection",
    "sourceType" : "ae$bpstep",
    "targetType" : "ae$bpstep",
    "style" : "solidLine",
    "attributive" : false,
    "linkType" : "archLinkType$72301"
  },
  {
    "code" : "step2event",
    "name" : "Шаг бизнес-процесса связан с Событием",
    "behaviour" : "connection",
    "sourceType" : "ae$bpstep",
    "targetType" : "ae$event",
    "style" : "solidLine",
    "attributive" : false,
    "linkType" : "archLinkType$96701"
  },
  {
    "code" : "event2step",
    "name" : "Событие связано с Шагом бизнес-процесса",
    "behaviour" : "connection",
    "sourceType" : "ae$event",
    "targetType" : "ae$bpstep",
    "style" : "solidLine",
    "attributive" : false,
    "linkType" : "archLinkType$96702"
  },
  {
    "code" : "event2gateway",
    "name" : "Событие связано с Шлюзом",
    "behaviour" : "connection",
    "sourceType" : "ae$event",
    "targetType" : "ae$gateway",
    "style" : "solidLine",
    "attributive" : false,
    "linkType" : "archLinkType$96703"
  },
  {
    "code" : "dataObject2step",
    "name" : "Объект данных связан с Шагом бизнес-процесса",
    "behaviour" : "connection",
    "sourceType" : "ae$dataObject",
    "targetType" : "ae$bpstep",
    "style" : "dashedLine",
    "attributive" : false,
    "linkType" : "archLinkType$39293"
  },
  {
    "code" : "gateway2step",
    "name" : "Шлюз связан с Шагом бизнес-процесса",
    "behaviour" : "connection",
    "sourceType" : "ae$gateway",
    "targetType" : "ae$bpstep",
    "style" : "solidLine",
    "attributive" : false,
    "linkType" : "archLinkType$96704"
  },
  {
    "code" : "gateway2gateway",
    "name" : "Шлюз связан с Шлюзом",
    "behaviour" : "connection",
    "sourceType" : "ae$gateway",
    "targetType" : "ae$gateway",
    "style" : "solidLine",
    "attributive" : false,
    "linkType" : "archLinkType$96705"
  },
  {
    "code" : "gateway2event",
    "name" : "Шлюз связан с Событием",
    "behaviour" : "connection",
    "sourceType" : "ae$gateway",
    "targetType" : "ae$event",
    "style" : "solidLine",
    "attributive" : false,
    "linkType" : "archLinkType$96706"
  },
  {
    "code" : "rule2step",
    "name" : "Бизнес-правило связано с Шагом бизнес-процесса",
    "behaviour" : "connection",
    "sourceType" : "req$high",
    "targetType" : "ae$bpstep",
    "style" : "dashedLine",
    "attributive" : true,
    "attribute" : "aes"
  }
]