[
  {
    "code" : "ae$bpstep",
    "name" : "Шаг бизнес-процесса",
    "multiple" : false,
    "defaultStyle" : "step",
    "specialStyles" : []
  },
  {
    "code" : "ae$event",
    "name" : "Событие",
    "multiple" : false,
    "defaultStyle" : "",
    "specialStyles" : [
      {
        "attribute" : "type",
        "value" : "eventType$96901",
        "style" : "startEvent"
      },
      {
        "attribute" : "type",
        "value" : "eventType$96902",
        "style" : "intermediateEvent"
      },
      {
        "attribute" : "type",
        "value" : "eventType$96903",
        "style" : "directionEvent"
      },
      {
        "attribute" : "type",
        "value" : "eventType$96904",
        "style" : "endEvent"
      }
    ]
  },
  {
    "code" : "ae$gateway",
    "name" : "Шлюз",
    "multiple" : false,
    "defaultStyle" : "",
    "specialStyles" : [
      {
        "attribute" : "type",
        "value" : "gatewayTypes$97201",
        "style" : "parallelGateway"
      },
      {
        "attribute" : "type",
        "value" : "gatewayTypes$97202",
        "style" : "excludingGateway"
      }
    ]
  },
  {
    "code" : "req$high",
    "name" : "Бизнес-правило",
    "multiple" : false,
    "defaultStyle" : "rule",
    "specialStyles" : []
  },
  {
    "code" : "ae$registry",
    "name" : "Электронный формуляр",
    "multiple" : true,
    "defaultStyle" : "dataObject",
    "specialStyles" : []
  }
]
