<mxGraphModel dx="1780" dy="648" grid="1" gridSize="10" guides="1" tooltips="1" connect="1" arrows="1" fold="1" page="1" pageScale="1" pageWidth="826" pageHeight="1169" background="#ffffff">
    <root>
        <mxCell id="0"/>
        <mxCell id="1" parent="0"/>
        <UserNode label="1" UUID="ae$64302" id="2"><mxCell style="custom" vertex="1" parent="1"><mxGeometry x="40" y="40" width="320" height="270" as="geometry"/></mxCell></UserNode>
        <UserNode label="2" UUID="ae$64302" id="3"><mxCell style="custom" vertex="1" parent="2"><mxGeometry x="40" y="40" width="280" height="230" as="geometry"/></mxCell></UserNode>
        <UserNode label="3" UUID="ae$66965" id="4"><mxCell style="custom" vertex="1" parent="3"><mxGeometry x="40" y="40" width="240" height="190" as="geometry"/></mxCell></UserNode>
        <UserNode label="4" UUID="ae$66966" id="5"><mxCell style="custom" vertex="1" parent="4"><mxGeometry x="40" y="40" width="200" height="150" as="geometry"/></mxCell></UserNode>
        <UserNode label="5" UUID="ae$66967" id="6"><mxCell style="custom" vertex="1" parent="5"><mxGeometry x="40" y="40" width="160" height="110" as="geometry"/></mxCell></UserNode>
        <UserNode label="6" UUID="ae$66968" id="7"><mxCell style="custom" vertex="1" parent="6"><mxGeometry x="40" y="40" width="120" height="70" as="geometry"/></mxCell></UserNode>
        <UserNode label="7" UUID="ae$76506" id="8"><mxCell style="custom" vertex="1" parent="7"><mxGeometry x="40" y="40" width="80" height="30" as="geometry"/></mxCell></UserNode>
    </root>
</mxGraphModel>