<shapes name="mxGraph.flowchart">
    <shape name="XTree 1" h="100" w="100" aspect="variable" strokewidth="inherit">
        <connections>
            <constraint x="0.5" y="0" perimeter="0" name="N"/>
            <constraint x="0.5" y="1" perimeter="0" name="S"/>
            <constraint x="0" y="0.5" perimeter="0" name="W"/>
            <constraint x="1" y="0.5" perimeter="0" name="E"/>
            <constraint x="0" y="0" perimeter="0" name="NW"/>
            <constraint x="0" y="1" perimeter="0" name="SW"/>
            <constraint x="1" y="0" perimeter="0" name="NE"/>
            <constraint x="1" y="1" perimeter="0" name="SE"/>
        </connections>
        <background>
            <path>
                <move x="57" y="97"/>
                <line x="44" y="97"/>
                <line x="44" y="77"/>
                <line x="2" y="77"/>
                <line x="31" y="53"/>
                <line x="17" y="53"/>
                <line x="41" y="28"/>
                <line x="30" y="28"/>
                <line x="50" y="0"/>
                <line x="70" y="28"/>
                <line x="59" y="28"/>
                <line x="83" y="53"/>
                <line x="69" y="53"/>
                <line x="98" y="77"/>
                <line x="57" y="77"/>
                <line x="57" y="97"/>
            </path>
        </background>
        <foreground>
            <stroke/>
        </foreground>
    </shape>
</shapes>